legacy_path	logical_service	runtime_key	warder_path	legacy_sha256	current_sha256	migration_state	runtime_route
CHSPiconbig/picon_BQT.zip	channel-selection-big	CHSPiconbig	assets/warder/downloads/ui/channel-selection-big/picon_BQT.zip	a0dbe0159036fa9ca5af27b46f874dccd15b6d27db85fe294984367931badd4d	a0dbe0159036fa9ca5af27b46f874dccd15b6d27db85fe294984367931badd4d	MIGRATED_EXACT	WARDER_MANIFEST
animWeatherIcons/animIconWeather.zip	weather-animated	animWeatherIcons	assets/warder/downloads/weather/animated/animIconWeather.zip	6efe2177469a2da3d130158691d7a6c881ea4656e2bc6b3f1b9c8c26f553f721	6efe2177469a2da3d130158691d7a6c881ea4656e2bc6b3f1b9c8c26f553f721	MIGRATED_EXACT	WARDER_MANIFEST
extraScreens/extraScreens17.zip	ui-extra-screens	extraScreens	assets/warder/downloads/ui/extra-screens/extraScreens17.zip	c8226d7e9c9c46b10c6d87588d3148c926c2660438eb165cb050d56cb063751f	4ee70909ce4cffdcc893922fa568d315fd21f7fff052cec8cb57965240ae4e17	MIGRATED_REPACKED	WARDER_MANIFEST
help/g17_setup_pict.zip	ui-help	help	assets/warder/downloads/ui/help/g17_setup_pict.zip	3d18f28c21f833b36b84e31ec9d71c2763d2d579ca7c9991bd399aa8e00d89bd	872d59dfccf090344a37ed46e277dd091cd9ec671db128fa421c748f4f6eb8ef	MIGRATED_REPACKED	WARDER_MANIFEST
icon_sets_preview/more_icons.zip	ui-icon-set-previews	icon_sets_preview	assets/warder/downloads/ui/icon-set-previews/more_icons.zip	6c3c6b593ef70726631d352d9784e65c5e3fcae2d9b9f4bc2e92dd0a1d90e343	0fca8510b5e1e7dd600548f706553b83a3993e91077382aba4c6363278eac230	MIGRATED_REPACKED	WARDER_MANIFEST
menuicons/menuIcons.zip	ui-menu-icons	menuicons	assets/warder/downloads/ui/menu-icons/menuIcons.zip	779cdba1ad5cbe2ed50bc95b05414ee74f510fb9f3f4bc9ed013cde8d68eac4a	adb0a5dab3e3cd32574b3f626a119fa23fdabb6127ff1626c7e3b26042a5681a	MIGRATED_REPACKED	WARDER_MANIFEST
menuiconsbig/menuIconsBig.zip	ui-menu-icons-big	menuiconsbig	assets/warder/downloads/ui/menu-icons-big/menuIconsBig.zip	77e2f835c62fb09b14f35d9c68380c6c01f998eaa639f8b3d443949f63832683	753165942823bfab024295e6c210503e581a52b86fa531bae120b2ef667902a7	MIGRATED_REPACKED_SPLIT	WARDER_MANIFEST
piconCam-b/piconCam.zip	picons-cam-black	piconCam-b	assets/warder/downloads/picons/cam/black/piconCam.zip	b8f9e0cf9021e678db2ac5af4a4573b94eae8d1854f6971a70d0e49b5d88b4bc	4b58f66f0f235f0f002a9b27e34881df8670ff214c47fad224a6bdbc6194721e	MIGRATED_REPACKED	WARDER_MANIFEST
piconCam-w/piconCam.zip	picons-cam-white	piconCam-w	assets/warder/downloads/picons/cam/white/piconCam.zip	baac746fa88b66d4dd292c7820a7e3b72790f93ef6fc99473ce46edaa8db73d9	25599f341f3763e4946c8d52bbc997ccf1af46c4b89332ddf3beaca4f8d5752e	MIGRATED_REPACKED	WARDER_MANIFEST
piconProv-220/piconProv_220x132.zip	picons-provider-220x132	piconProv-220	assets/warder/downloads/picons/providers/220x132/piconProv_220x132.zip	30eb587b40d5a132784f8f35a0408e568d932c9262b82f76b00b43895d34344a	93ef555cf09d49a72188c477949d948feaf6416a0fcff047600d36b3a96e4b8f	MIGRATED_REPACKED	WARDER_MANIFEST
piconProv-b/piconProv.zip	picons-provider-black	piconProv-b	assets/warder/downloads/picons/providers/black/piconProv.zip	fcacb24f14b2865a67098b71a118e2ec1d4983e44fbc87b8749f7bb5e12f2d9f	f693c2d70866a1b7161046a0e3fd74610b4785673e9ad11f2fa5cefbd6d1e13f	MIGRATED_REPACKED	WARDER_MANIFEST
piconProv-w/piconProv.zip	picons-provider-white	piconProv-w	assets/warder/downloads/picons/providers/white/piconProv.zip	842c493e4b7c6f8c7557941d75516f82f899bc21ce97f5b7063b1807a61e4ed4	ebff6f537720da39410741cb13abcce0be6a1f822264f516a291a2e70c889cff	MIGRATED_REPACKED	WARDER_MANIFEST
piconSat-220/piconSat_220x132.zip	picons-satellite-220x132	piconSat-220	assets/warder/downloads/picons/satellites/220x132/piconSat_220x132.zip	ffb65d96f4ec0f60af39d8d88c4b544d894fd234d675944591f457d87af22f7e	4e8c7d8095aa2c79a30eb1b9af05f4107758a515a31246565da13a6f05da1d5d	MIGRATED_REPACKED	WARDER_MANIFEST
piconSat-b/piconSat.zip	picons-satellite-black	piconSat-b	assets/warder/downloads/picons/satellites/black/piconSat.zip	889f1b63d22cda98a4bdf7396508fbe11a3fd774e275311b74960a5a8bd04152	6458bdf32db1dddd21ecf8894864e130d5c5535fcfe7fe2681509ad7b0958d8a	MIGRATED_REPACKED	WARDER_MANIFEST
piconSat-w/piconSat.zip	picons-satellite-white	piconSat-w	assets/warder/downloads/picons/satellites/white/piconSat.zip	201b2837c9a0f1c946e09516566515c6b10e9a006c66f28f94a21ad55a985f25	539cda4f3f599f5e3f2b6e6690a4625fc5c678bdfb46cb9b1b68622d28b08b2b	MIGRATED_REPACKED	WARDER_MANIFEST
piconWeather-b/picWeaInf.zip	picons-weather-black	piconWeather-b	assets/warder/downloads/weather/info/black/picWeaInf.zip	6673021f061638994f3f8c4f285fbaec31d18f181a79308576573591ca176cf8	903867aacb435cdfd174cf45162eb074c65efcbfe8297215e3966647aa6d8451	MIGRATED_REPACKED	WARDER_MANIFEST
piconWeather-w/picWeaInf.zip	picons-weather-white	piconWeather-w	assets/warder/downloads/weather/info/white/picWeaInf.zip	c80bb76bb4c1a9789077af312c906f4e0a86b1b83177ee75a833aa9f1f116c6f	69159f3f839ceb01ef4cf1b2cfb6994c6326dcc1090609709d401b18087aa30b	MIGRATED_REPACKED	WARDER_MANIFEST
weatherIcons/piconWeather.zip	weather-classic	weatherIcons	assets/warder/downloads/weather/icons/piconWeather.zip	39cc98af95ef07c1b22d701399be2e60a39f7c54080c5c10a2d193858b5b34ad		SOURCE_PRESERVED_TARGET_MISSING	NOT_EXPOSED
weatherIconsN/weatherIcons.zip	weather-alternate	weatherIconsN	assets/warder/downloads/weather/icons-alt/weatherIcons.zip	f1c5d084a78a6537a09435fba0e9d0b98c3c268559bce7d60ad3dd550d043fc4	f61fdcbe02f946d7c585c65494a6de043fb344e5583d9d0bf617f32c7ea5df08	MIGRATED_REPACKED	WARDER_MANIFEST
skin/AllAboutNew	legacy-skin-changelog			6109982c0d84ebc50b92f0f48e59f4fd8c22f96f05d13e8188f0f48e34c50c66		ARCHIVE_ONLY	ARCHIVE_ONLY
skin/AllAboutNewSk	legacy-skin-changelog-sk			ef041042b683e1070703f3b1c05e68146e07d671ca16d6b98c2a22e84e810264		ARCHIVE_ONLY	ARCHIVE_ONLY
skin/debpkg/enigma2-skin-fullhdglass17_9.50_all.deb	legacy-skin-package-deb			7b84e1959c842a4d74714d70549858a91d4a3e87e366f60d70cccb18bd610b0d		ARCHIVE_ONLY	ARCHIVE_ONLY
skin/mipsel/enigma2-skin-fullhdglass17_9.50_all.ipk	legacy-skin-package-ipk			d6ca9bd94c806d47758db040ba899a4a0279cba913263f18d01ff21e809cb414		ARCHIVE_ONLY	ARCHIVE_ONLY
skin-vip/AllAboutNew	legacy-vip-changelog			6109982c0d84ebc50b92f0f48e59f4fd8c22f96f05d13e8188f0f48e34c50c66		ARCHIVE_ONLY	ARCHIVE_ONLY
skin-vip/AllAboutNewSk	legacy-vip-changelog-sk			ef041042b683e1070703f3b1c05e68146e07d671ca16d6b98c2a22e84e810264		ARCHIVE_ONLY	ARCHIVE_ONLY
skin-vip/debpkg/enigma2-skin-fullhdglass17_9.50_all.rar	legacy-vip-package-deb			dddf7b6e789d17420d2078fce6c0874b53dcbf0db19dc50bd986a9271f7d9d83		ARCHIVE_ONLY	ARCHIVE_ONLY
skin-vip/mipsel/enigma2-skin-fullhdglass17_9.50_all.rar	legacy-vip-package-ipk			a68653d83a14d1c6a3d7652f1cb64d3f552a41b58e74b20984d0875a4eb3557f		ARCHIVE_ONLY	ARCHIVE_ONLY
