selector_id	display_label	warder_key	transparent	black	white	service_identities	png_files	state
FREESAT	(0.8W) Freesat	0.8w/freesat	226	226	226	226	678	READY_SOURCE
DIGI_TELLY	(0.8W) Digi / Telly	0.8w/digi|0.8w/telly	80	80	80	80	240	READY_SOURCE
ANTIKSAT	(16.0E) Antiksat	16.0e/antiksat	108	108	108	108	324	READY_SOURCE
SKYLINK	(23.5E) Skylink	23.5e/skylink	255	255	255	255	765	READY_SOURCE
450W	(45.0W) Intelsat 14 (IS-14)	45.0w	5	5	5	5	15	READY_SOURCE
300W	(30.0W) Hispasat 1D,1E	30.0w	341	341	341	341	1023	READY_SOURCE
248W	(24.5W) AlcomSat 1	24.5w	136	136	136	136	408	READY_SOURCE
220W	(22.0W) SES 4	22.0w	63	63	63	63	189	READY_SOURCE
150W	(15.0W) Telstar 12	15.0w	19	19	19	19	57	READY_SOURCE
140W	(14.0W) Express AM8	14.0w	9	9	9	9	27	READY_SOURCE
80W	(8.0W) Eutelsat 8 West B,D	8.0w	116	116	116	116	348	READY_SOURCE
70W	(7.0W) Nilesat 102,201/Eutelsat 7 West A	7.0w	606	606	606	606	1818	READY_SOURCE
50W	(5.0W) Eutelsat 5 West A,B	5.0w	388	388	388	388	1164	READY_SOURCE
08W	(0.8W) Thor 5,6,7/Intelsat 10-02	0.8w	929	929	929	722	2787	READY_SOURCE
19E	(1.9E) BulgariaSat-1	1.9e	163	163	163	163	489	READY_SOURCE
30E	(3.0E) Eutelsat 3B	3.0e	9	9	9	9	27	READY_SOURCE
48E_A	(4.8E) SES 5/Astra 4A	4.8e	137	137	137	137	411	READY_SOURCE
70E	(7.0E) Eutelsat 7A/7B	7.0e	45	45	45	45	135	READY_SOURCE
90E	(9.0E) Eutelsat 9A	9.0e	424	424	424	424	1272	READY_SOURCE
100E	(10.0E) Eutelsat 10A	10.0e	37	37	37	37	111	READY_SOURCE
130E	(13.0E) Hot Bird 13B/13C/13D	13.0e	1359	1359	1359	1359	4077	READY_SOURCE
160E	(16.0E) Eutelsat 16A	16.0e	581	581	581	560	1743	READY_SOURCE
192E	(19.2E) Astra 1KR,1L,1M,1N	19.2e	760	760	760	760	2280	READY_SOURCE
216E	(21.5E) Eutelsat 21B	21.5e	19	19	19	19	57	READY_SOURCE
235E	(23.5E) Astra 3B	23.5e	757	757	757	757	2271	READY_SOURCE
260E	(26.0E) Badr 4,5,6	26.0e	454	454	454	454	1362	READY_SOURCE
282E	(28.2E) Astra 2A,2E,2F,2G	28.2e	432	432	432	432	1296	READY_SOURCE
305E	(30.5E) Arabsat 5A,6A	30.5e	30	30	30	30	90	READY_SOURCE
360E	(36.0E) Eutelsat 36A,36B	36.0e	13	13	13	13	39	READY_SOURCE
390E	(39.0E) Hellas Sat 2	39.0e	283	283	283	283	849	READY_SOURCE
420E	(42.0E) Turksat 2A,3A,4A	42.0e	413	413	413	413	1239	READY_SOURCE
460E	(46.0E) Azerspace-1	46.0e	25	25	25	25	75	READY_SOURCE
515E	(51.5E) Belintersat 1	51.5e	1	1	1	1	3	READY_SOURCE
520E	(52.0E) TurkmenAlem/MonacoSat	52.0e	270	270	270	270	810	READY_SOURCE
530E	(53.0E) Express AM6	53.0e	24	24	24	24	72	READY_SOURCE
549E	(54.9E) Yamal 402	54.9e	50	50	50	50	150	READY_SOURCE
660E	(66.0E) Intelsat 17	66.0e	4	4	4	4	12	READY_SOURCE
685E	(68.5E) Intelsat 20 (IS-20)	68.5e	93	93	93	93	279	READY_SOURCE
705E	(70.5E) Eutelsat 70B	70.5e	6	6	6	6	18	READY_SOURCE
750E	(75.0E) ABS 2/ABS 2A	75.0e	1	1	1	1	3	READY_SOURCE
