selector_id	display_label	kind	warder_key	legacy_400x240	legacy_black_50x30	legacy_black	legacy_white_50x30	legacy_white	legacy_oled	legacy_220x132	warder_master_state	note
FREESAT	(0.8W) Freesat	provider	0.8w/freesat	2141	3666	1804	1352	4298	4046	1206	MATCHED	Warder Master contains picons/0.8w/freesat with maintained variants
DIGI_TELLY	(0.8W) Digi / Telly	provider-alias	0.8w/digi|0.8w/telly	2135	3660	1796	1344	4292	4040	1199	MATCHED	Runtime label/key depends on legacy L flag; both maintained provider trees exist
ANTIKSAT	(16.0E) Antiksat	provider	16.0e/antiksat	2133	3658	1794	1342	4290	4038	1197	MATCHED	Maintained provider tree exists
SKYLINK	(23.5E) Skylink	provider	23.5e/skylink	2146	3670	1809	1356	4302	4050	1211	MATCHED	Maintained provider tree exists
DVB-T-SK-CZ	DVB-T sk/cz	dtt	EEE	2139	3664	1801	1349	4296	4044	1204	MISSING	No authoritative DTT EEE tree established by current Warder Master audit
450W	(45.0W) Intelsat 14 (IS-14)	satellite	45.0w	2096	3626	1757	1305	4258	4006	1161	MATCHED	Orbital tree exists
300W	(30.0W) Hispasat 1D,1E	satellite	30.0w	2079	3610	1735	1285	4242	3990	1145	MATCHED	Orbital tree exists
275W	(27.5W) Intelsat 907	satellite	27.5w	2073	3606	1730	1281	4238	3986	1141	MISSING	No orbital tree in current Warder Master
248W	(24.5W) AlcomSat 1	satellite	24.5w	2068	3602	1725	1277	4234	3982	1135	MATCHED	Orbital tree exists
220W	(22.0W) SES 4	satellite	22.0w	2063	3598	1721	1271	4230	3978	1131	MATCHED	Orbital tree exists
150W	(15.0W) Telstar 12	satellite	15.0w	2048	3586	1708	1259	4218	3966	1119	MATCHED	Orbital tree exists
140W	(14.0W) Express AM8	satellite	14.0w	2045	3584	1706	1257	4216	3964	1103	MATCHED	Orbital tree exists
125W	(12.5W) Eutelsat 12 West A	satellite	12.5w	2041	3580	1701	1253	4212	3960	1101	MISSING	No orbital tree in current Warder Master
110W	(11.0W) Express AM44	satellite	11.0w	2039	3578	1698	1251	4210	3958	1099	MISSING	No orbital tree in current Warder Master
80W	(8.0W) Eutelsat 8 West B,D	satellite	8.0w	2033	3572	1691	1245	4204	3952	1092	MATCHED	Orbital tree exists
70W	(7.0W) Nilesat 102,201/Eutelsat 7 West A	satellite	7.0w	2031	3570	1688	1243	4202	3950	1090	MATCHED	Orbital tree exists
50W	(5.0W) Eutelsat 5 West A,B	satellite	5.0w	2026	3566	1684	1237	4198	3946	1085	MATCHED	Orbital tree exists
40W	(4.0W) Amos 2/Amos 3	satellite	4.0w	2020	3560	1677	1230	4192	3940	1079	MISSING	No orbital tree in current Warder Master
10W	(1.0W) Thor 5,6,7/Intelsat 10-02	satellite	1.0w	2008	3550	1666	1219	4182	3930	1068	MISSING	Distinct legacy selector; no 1.0w Warder tree
08W	(0.8W) Thor 5,6,7/Intelsat 10-02	satellite	0.8w	2006	3548	1663	1216	4180	3928	1066	MATCHED	Orbital tree exists
19E	(1.9E) BulgariaSat-1	satellite	1.9e	2011	3552	1668	1221	4184	3932	1070	MATCHED	Orbital tree exists
30E	(3.0E) Eutelsat 3B	satellite	3.0e	2013	3554	1670	1223	4186	3934	1072	MATCHED	Orbital tree exists
31E	(3.1E) Eutelsat 3B	satellite	3.1e	2018	3558	1675	1228	4190	3938	1077	MISSING	No orbital tree in current Warder Master
48E_A	(4.8E) SES 5/Astra 4A	satellite	4.8e	2022	3562	1679	1233	4194	3942	1081	MATCHED	Orbital tree exists
48E_B	(4.9E) SES 5/Astra 4A	satellite	4.9e	2024	3564	1682	1235	4196	3944	1083	MISSING	Distinct legacy selector; no 4.9e tree
70E	(7.0E) Eutelsat 7A/7B	satellite	7.0e	2029	3568	1686	1240	4200	3948	1087	MATCHED	Orbital tree exists
90E	(9.0E) Eutelsat 9A	satellite	9.0e	2035	3574	1693	1247	4206	3954	1094	MATCHED	Orbital tree exists
100E	(10.0E) Eutelsat 10A	satellite	10.0e	2037	3576	1695	1249	4208	3956	1096	MATCHED	Orbital tree exists
130E	(13.0E) Hot Bird 13B/13C/13D	satellite	13.0e	2043	3582	1704	1255	4214	3962	1105	MATCHED	Orbital tree exists
160E	(16.0E) Eutelsat 16A	satellite	16.0e	2050	3588	1710	1261	4220	3968	1121	MATCHED	Orbital tree exists
192E	(19.2E) Astra 1KR,1L,1M,1N	satellite	19.2e	2054	3592	1714	1265	4224	3972	1125	MATCHED	Orbital tree exists
216E	(21.5E) Eutelsat 21B	satellite	21.5e	2060	3596	1719	1269	4228	3976	1129	MATCHED	Orbital tree exists
235E	(23.5E) Astra 3B	satellite	23.5e	2066	3600	1723	1274	4232	3980	1133	MATCHED	Orbital tree exists
260E	(26.0E) Badr 4,5,6	satellite	26.0e	2070	3604	1728	1279	4236	3984	1139	MATCHED	Orbital tree exists
282E	(28.2E) Astra 2A,2E,2F,2G	satellite	28.2e	2076	3608	1732	1283	4240	3988	1143	MATCHED	Orbital tree exists
305E	(30.5E) Arabsat 5A,6A	satellite	30.5e	2081	3612	1738	1288	4244	3992	1147	MATCHED	Orbital tree exists
315E	(31.5E) Astra 1G,5B	satellite	31.5e	2083	3614	1741	1290	4246	3994	1149	MISSING	No orbital tree in current Warder Master
330E	(33.0E) Eutelsat 33C	satellite	33.0e	2085	3616	1743	1293	4248	3996	1151	MISSING	No orbital tree in current Warder Master
360E	(36.0E) Eutelsat 36A,36B	satellite	36.0e	2087	3618	1746	1295	4250	3998	1153	MATCHED	Orbital tree exists
390E	(39.0E) Hellas Sat 2	satellite	39.0e	2089	3620	1749	1297	4252	4000	1155	MATCHED	Orbital tree exists
420E	(42.0E) Turksat 2A,3A,4A	satellite	42.0e	2091	3622	1752	1300	4254	4002	1157	MATCHED	Orbital tree exists
450E	(45.0E) Intelsat 12 (IS-12)	satellite	45.0e	2094	3624	1755	1302	4256	4004	1159	MISSING	No 45.0e tree; do not confuse with 45.0w
460E	(46.0E) Azerspace-1	satellite	46.0e	2099	3628	1760	1307	4260	4008	1164	MATCHED	Orbital tree exists
515E	(51.5E) Belintersat 1	satellite	51.5e	2103	3630	1762	1310	4262	4010	1166	MATCHED	Orbital tree exists
520E	(52.0E) TurkmenAlem/MonacoSat	satellite	52.0e	2105	3632	1764	1312	4264	4012	1168	MATCHED	Orbital tree exists
525E	(52.5E) Yahsat 1A	satellite	52.5e	2107	3634	1766	1315	4266	4014	1171	MISSING	No orbital tree in current Warder Master
530E	(53.0E) Express AM6	satellite	53.0e	2109	3636	1768	1317	4268	4016	1173	MATCHED	Orbital tree exists
549E	(54.9E) Yamal 402	satellite	54.9e	2111	3638	1771	1319	4270	4018	1175	MATCHED	Orbital tree exists
560E	(56.0E) Express AT1	satellite	56.0e	2114	3640	1774	1321	4272	4020	1177	MISSING	No orbital tree in current Warder Master
620E	(62.0E) Intelsat 902	satellite	62.0e	2116	3642	1776	1323	4274	4022	1180	MISSING	No orbital tree in current Warder Master
660E	(66.0E) Intelsat 17	satellite	66.0e	2118	3644	1778	1325	4276	4024	1182	MATCHED	Orbital tree exists
685E	(68.5E) Intelsat 20 (IS-20)	satellite	68.5e	2120	3646	1781	1327	4278	4026	1184	MATCHED	Orbital tree exists
705E	(70.5E) Eutelsat 70B	satellite	70.5e	2122	3648	1783	1330	4280	4028	1186	MATCHED	Orbital tree exists
749E	(74.9E) ABS 2/ABS 2A	satellite	74.9e	2124	3650	1785	1332	4282	4030	1188	MISSING	No orbital tree in current Warder Master
750E	(75.0E) ABS 2/ABS 2A	satellite	75.0e	2126	3652	1788	1335	4284	4032	1190	MATCHED	Orbital tree exists
850E	(85.0E) Intelsat 15/Horizons 2	satellite	85.0e	2128	3654	1790	1337	4286	4034	1193	MISSING	No orbital tree in current Warder Master
851E	(85.1E) Intelsat 15/Horizons 2	satellite	85.1e	2131	3656	1792	1339	4288	4036	1195	MISSING	No orbital tree in current Warder Master
